TeamName,Win,Tie,Lose,GoalDifference,TranScore(W*1+T*0.5*L*0)
Man City,32,2,4,72,33.0
Liverpool,30,7,1,67,33.5
Tottenham,23,2,13,28,24.0
Chelsea,21,9,8,24,25.5
Arsenal,21,7,10,22,24.5
Man United,19,9,10,11,23.5
Wolves,16,9,13,1,20.5
West Ham,15,7,16,-3,18.5
Leicester,15,7,16,3,18.5
Everton,15,9,14,8,19.5
Watford,14,8,16,-7,18.0
Crystal Palace,14,7,17,-2,17.5
Bournemouth,13,6,19,-14,16.0
Newcastle,12,9,17,-6,16.5
Burnley,11,7,20,-23,14.5
Cardiff,10,4,24,-35,12.0
Brighton,9,9,20,-25,13.5
Southampton,9,12,17,-20,15.0
Fulham,7,5,26,-47,9.5
Huddersfield,3,7,28,-54,6.5
